Order ID,Date,Customer Name,Account Type,Product Name,Quantity,Unit Price (KSh),Total Amount (KSh),Total Litres
KQ-251,2026-03-19,Customer 15,Distributor,250ml Cups Case (48 Pack),40,960.0,38400.0,480.0
KQ-251,2026-03-19,Customer 15,Distributor,10L Bulk Dispenser Box,12,900.0,10800.0,120.0
KQ-252,2026-03-30,Customer 2,Corporate Client,Premium Glass 500ml (12 Pack),2,3600.0,7200.0,12.0
KQ-252,2026-03-30,Customer 2,Corporate Client,Premium Glass 500ml (12 Pack),38,3600.0,136800.0,228.0
KQ-252,2026-03-30,Customer 2,Corporate Client,Flavored Water 500ml Case (24 Pack),37,1440.0,53280.0,444.0
KQ-252,2026-03-30,Customer 2,Corporate Client,500ml Bottle Case (24 Pack),7,1200.0,8400.0,84.0
KQ-253,2025-11-19,Customer 5,Distributor,Premium Glass 500ml (12 Pack),15,3600.0,54000.0,90.0
KQ-254,2026-03-13,Customer 4,KQ Internal Department,5L Jerrycan,34,350.0,11900.0,170.0
KQ-255,2026-03-27,Customer 13,Government Entity,Flavored Water 500ml Case (24 Pack),4,1440.0,5760.0,48.0
KQ-255,2026-03-27,Customer 13,Government Entity,10L Bulk Dispenser Box,35,900.0,31500.0,350.0
KQ-255,2026-03-27,Customer 13,Government Entity,20L Dispenser Bottle,14,1800.0,25200.0,280.0
KQ-256,2025-10-11,Customer 10,Corporate Client,500ml Bottle Case (24 Pack),49,1200.0,58800.0,588.0
KQ-256,2025-10-11,Customer 10,Corporate Client,Premium Glass 500ml (12 Pack),39,3600.0,140400.0,234.0
KQ-256,2025-10-11,Customer 10,Corporate Client,10L Bulk Dispenser Box,26,900.0,23400.0,260.0
KQ-256,2025-10-11,Customer 10,Corporate Client,5L Jerrycan,15,350.0,5250.0,75.0
KQ-257,2026-02-13,Customer 10,Corporate Client,500ml Bottle Case (24 Pack),5,1200.0,6000.0,60.0
KQ-257,2026-02-13,Customer 10,Corporate Client,500ml Bottle Case (24 Pack),12,1200.0,14400.0,144.0
KQ-257,2026-02-13,Customer 10,Corporate Client,10L Bulk Dispenser Box,44,900.0,39600.0,440.0
KQ-257,2026-02-13,Customer 10,Corporate Client,5L Jerrycan,48,350.0,16800.0,240.0
KQ-258,2026-05-21,Customer 3,Government Entity,5L Jerrycan,12,350.0,4200.0,60.0
KQ-258,2026-05-21,Customer 3,Government Entity,5L Jerrycan,24,350.0,8400.0,120.0
KQ-258,2026-05-21,Customer 3,Government Entity,250ml Cups Case (48 Pack),48,960.0,46080.0,576.0
KQ-259,2026-01-12,Customer 3,Government Entity,250ml Cups Case (48 Pack),17,960.0,16320.0,204.0
KQ-259,2026-01-12,Customer 3,Government Entity,Flavored Water 500ml Case (24 Pack),28,1440.0,40320.0,336.0
KQ-259,2026-01-12,Customer 3,Government Entity,20L Dispenser Bottle,41,1800.0,73800.0,820.0
KQ-259,2026-01-12,Customer 3,Government Entity,5L Jerrycan,9,350.0,3150.0,45.0
KQ-260,2025-10-14,Customer 7,Distributor,20L Dispenser Bottle,21,1800.0,37800.0,420.0
KQ-260,2025-10-14,Customer 7,Distributor,10L Bulk Dispenser Box,43,900.0,38700.0,430.0
KQ-260,2025-10-14,Customer 7,Distributor,Flavored Water 500ml Case (24 Pack),41,1440.0,59040.0,492.0
KQ-261,2025-10-22,Customer 2,Corporate Client,20L Dispenser Bottle,49,1800.0,88200.0,980.0
KQ-262,2025-11-18,Customer 2,Corporate Client,1L Bottle Case (12 Pack),20,1800.0,36000.0,240.0
KQ-263,2026-09-25,Customer 10,Corporate Client,1L Bottle Case (12 Pack),46,1800.0,82800.0,552.0
KQ-263,2026-09-25,Customer 10,Corporate Client,250ml Cups Case (48 Pack),36,960.0,34560.0,432.0
KQ-264,2025-10-21,Customer 1,KQ Internal Department,1L Bottle Case (12 Pack),12,1800.0,21600.0,144.0
KQ-264,2025-10-21,Customer 1,KQ Internal Department,20L Dispenser Bottle,48,1800.0,86400.0,960.0
KQ-264,2025-10-21,Customer 1,KQ Internal Department,250ml Cups Case (48 Pack),6,960.0,5760.0,72.0
KQ-264,2025-10-21,Customer 1,KQ Internal Department,10L Bulk Dispenser Box,22,900.0,19800.0,220.0
KQ-264,2025-10-21,Customer 1,KQ Internal Department,Premium Glass 500ml (12 Pack),14,3600.0,50400.0,84.0
KQ-265,2026-05-25,Customer 1,KQ Internal Department,1L Bottle Case (12 Pack),18,1800.0,32400.0,216.0
KQ-266,2025-12-22,Customer 13,Government Entity,500ml Bottle Case (24 Pack),21,1200.0,25200.0,252.0
KQ-266,2025-12-22,Customer 13,Government Entity,10L Bulk Dispenser Box,20,900.0,18000.0,200.0
KQ-267,2026-07-14,Customer 2,Corporate Client,10L Bulk Dispenser Box,31,900.0,27900.0,310.0
KQ-268,2025-12-06,Customer 6,Distributor,10L Bulk Dispenser Box,17,900.0,15300.0,170.0
KQ-268,2025-12-06,Customer 6,Distributor,5L Jerrycan,28,350.0,9800.0,140.0
KQ-268,2025-12-06,Customer 6,Distributor,250ml Cups Case (48 Pack),45,960.0,43200.0,540.0
KQ-268,2025-12-06,Customer 6,Distributor,1L Bottle Case (12 Pack),18,1800.0,32400.0,216.0
KQ-269,2026-03-02,Customer 7,Distributor,1L Bottle Case (12 Pack),14,1800.0,25200.0,168.0
KQ-269,2026-03-02,Customer 7,Distributor,Premium Glass 500ml (12 Pack),359,3600.0,1292400.0,2154.0
KQ-270,2026-07-28,Customer 9,Government Entity,20L Dispenser Bottle,3,1800.0,5400.0,60.0
KQ-270,2026-07-28,Customer 9,Government Entity,20L Dispenser Bottle,46,1800.0,82800.0,920.0
KQ-270,2026-07-28,Customer 9,Government Entity,Flavored Water 500ml Case (24 Pack),42,1440.0,60480.0,504.0
KQ-270,2026-07-28,Customer 9,Government Entity,250ml Cups Case (48 Pack),7,960.0,6720.0,84.0
KQ-270,2026-07-28,Customer 9,Government Entity,1L Bottle Case (12 Pack),47,1800.0,84600.0,564.0
KQ-271,2026-08-20,Customer 13,Government Entity,10L Bulk Dispenser Box,49,900.0,44100.0,490.0
KQ-271,2026-08-20,Customer 13,Government Entity,1L Bottle Case (12 Pack),1,1800.0,1800.0,12.0
KQ-272,2026-08-17,Customer 12,Distributor,Flavored Water 500ml Case (24 Pack),27,1440.0,38880.0,324.0
KQ-273,2026-04-08,Customer 13,Government Entity,Premium Glass 500ml (12 Pack),43,3600.0,154800.0,258.0
KQ-273,2026-04-08,Customer 13,Government Entity,5L Jerrycan,13,350.0,4550.0,65.0
KQ-273,2026-04-08,Customer 13,Government Entity,5L Jerrycan,30,350.0,10500.0,150.0
KQ-274,2026-01-07,Customer 11,Government Entity,Premium Glass 500ml (12 Pack),48,3600.0,172800.0,288.0
KQ-274,2026-01-07,Customer 11,Government Entity,5L Jerrycan,45,350.0,15750.0,225.0
KQ-274,2026-01-07,Customer 11,Government Entity,250ml Cups Case (48 Pack),32,960.0,30720.0,384.0
KQ-274,2026-01-07,Customer 11,Government Entity,250ml Cups Case (48 Pack),16,960.0,15360.0,192.0
KQ-275,2025-11-17,Customer 12,Distributor,Flavored Water 500ml Case (24 Pack),48,1440.0,69120.0,576.0
KQ-275,2025-11-17,Customer 12,Distributor,Flavored Water 500ml Case (24 Pack),25,1440.0,36000.0,300.0
KQ-275,2025-11-17,Customer 12,Distributor,20L Dispenser Bottle,18,1800.0,32400.0,360.0
KQ-276,2025-10-02,Customer 14,Corporate Client,Premium Glass 500ml (12 Pack),46,3600.0,165600.0,276.0
KQ-276,2025-10-02,Customer 14,Corporate Client,5L Jerrycan,25,350.0,8750.0,125.0
KQ-276,2025-10-02,Customer 14,Corporate Client,500ml Bottle Case (24 Pack),32,1200.0,38400.0,384.0
KQ-277,2026-04-21,Customer 6,Distributor,1L Bottle Case (12 Pack),23,1800.0,41400.0,276.0
KQ-277,2026-04-21,Customer 6,Distributor,Premium Glass 500ml (12 Pack),13,3600.0,46800.0,78.0
KQ-278,2026-08-31,Customer 14,Corporate Client,Premium Glass 500ml (12 Pack),22,3600.0,79200.0,132.0
KQ-278,2026-08-31,Customer 14,Corporate Client,5L Jerrycan,26,350.0,9100.0,130.0
KQ-278,2026-08-31,Customer 14,Corporate Client,5L Jerrycan,31,350.0,10850.0,155.0
KQ-278,2026-08-31,Customer 14,Corporate Client,20L Dispenser Bottle,379,1800.0,682200.0,7580.0
KQ-278,2026-08-31,Customer 14,Corporate Client,500ml Bottle Case (24 Pack),426,1200.0,511200.0,5112.0
KQ-279,2026-09-05,Customer 15,Distributor,Flavored Water 500ml Case (24 Pack),32,1440.0,46080.0,384.0
KQ-279,2026-09-05,Customer 15,Distributor,Premium Glass 500ml (12 Pack),19,3600.0,68400.0,114.0
KQ-279,2026-09-05,Customer 15,Distributor,1L Bottle Case (12 Pack),25,1800.0,45000.0,300.0
KQ-280,2026-03-01,Customer 6,Distributor,Flavored Water 500ml Case (24 Pack),37,1440.0,53280.0,444.0
KQ-280,2026-03-01,Customer 6,Distributor,10L Bulk Dispenser Box,33,900.0,29700.0,330.0
KQ-280,2026-03-01,Customer 6,Distributor,5L Jerrycan,4,350.0,1400.0,20.0
KQ-280,2026-03-01,Customer 6,Distributor,250ml Cups Case (48 Pack),17,960.0,16320.0,204.0
KQ-280,2026-03-01,Customer 6,Distributor,500ml Bottle Case (24 Pack),16,1200.0,19200.0,192.0
KQ-281,2026-05-29,Customer 3,Government Entity,10L Bulk Dispenser Box,23,900.0,20700.0,230.0
KQ-281,2026-05-29,Customer 3,Government Entity,250ml Cups Case (48 Pack),453,960.0,434880.0,5436.0
KQ-281,2026-05-29,Customer 3,Government Entity,1L Bottle Case (12 Pack),17,1800.0,30600.0,204.0
KQ-282,2025-09-30,Customer 11,Government Entity,20L Dispenser Bottle,41,1800.0,73800.0,820.0
KQ-283,2026-07-07,Customer 5,Distributor,Flavored Water 500ml Case (24 Pack),37,1440.0,53280.0,444.0
KQ-283,2026-07-07,Customer 5,Distributor,Premium Glass 500ml (12 Pack),32,3600.0,115200.0,192.0
KQ-283,2026-07-07,Customer 5,Distributor,500ml Bottle Case (24 Pack),451,1200.0,541200.0,5412.0
KQ-283,2026-07-07,Customer 5,Distributor,500ml Bottle Case (24 Pack),37,1200.0,44400.0,444.0
KQ-283,2026-07-07,Customer 5,Distributor,250ml Cups Case (48 Pack),13,960.0,12480.0,156.0
KQ-284,2026-06-20,Customer 5,Distributor,5L Jerrycan,37,350.0,12950.0,185.0
KQ-284,2026-06-20,Customer 5,Distributor,500ml Bottle Case (24 Pack),27,1200.0,32400.0,324.0
KQ-284,2026-06-20,Customer 5,Distributor,Premium Glass 500ml (12 Pack),354,3600.0,1274400.0,2124.0
KQ-284,2026-06-20,Customer 5,Distributor,10L Bulk Dispenser Box,48,900.0,43200.0,480.0
KQ-285,2026-04-20,Customer 1,KQ Internal Department,Flavored Water 500ml Case (24 Pack),14,1440.0,20160.0,168.0
KQ-285,2026-04-20,Customer 1,KQ Internal Department,500ml Bottle Case (24 Pack),46,1200.0,55200.0,552.0
KQ-286,2025-10-10,Customer 11,Government Entity,Flavored Water 500ml Case (24 Pack),41,1440.0,59040.0,492.0
KQ-286,2025-10-10,Customer 11,Government Entity,5L Jerrycan,1,350.0,350.0,5.0
KQ-286,2025-10-10,Customer 11,Government Entity,500ml Bottle Case (24 Pack),47,1200.0,56400.0,564.0
KQ-286,2025-10-10,Customer 11,Government Entity,Flavored Water 500ml Case (24 Pack),47,1440.0,67680.0,564.0
KQ-286,2025-10-10,Customer 11,Government Entity,1L Bottle Case (12 Pack),45,1800.0,81000.0,540.0
KQ-287,2026-01-02,Customer 11,Government Entity,250ml Cups Case (48 Pack),33,960.0,31680.0,396.0
KQ-287,2026-01-02,Customer 11,Government Entity,Premium Glass 500ml (12 Pack),26,3600.0,93600.0,156.0
KQ-287,2026-01-02,Customer 11,Government Entity,Flavored Water 500ml Case (24 Pack),17,1440.0,24480.0,204.0
KQ-288,2025-11-18,Customer 11,Government Entity,500ml Bottle Case (24 Pack),25,1200.0,30000.0,300.0
KQ-288,2025-11-18,Customer 11,Government Entity,1L Bottle Case (12 Pack),42,1800.0,75600.0,504.0
KQ-288,2025-11-18,Customer 11,Government Entity,10L Bulk Dispenser Box,14,900.0,12600.0,140.0
KQ-288,2025-11-18,Customer 11,Government Entity,20L Dispenser Bottle,20,1800.0,36000.0,400.0
KQ-289,2025-12-16,Customer 3,Government Entity,5L Jerrycan,20,350.0,7000.0,100.0
KQ-289,2025-12-16,Customer 3,Government Entity,1L Bottle Case (12 Pack),15,1800.0,27000.0,180.0
KQ-289,2025-12-16,Customer 3,Government Entity,5L Jerrycan,49,350.0,17150.0,245.0
KQ-290,2026-06-09,Customer 10,Corporate Client,500ml Bottle Case (24 Pack),45,1200.0,54000.0,540.0
KQ-290,2026-06-09,Customer 10,Corporate Client,500ml Bottle Case (24 Pack),35,1200.0,42000.0,420.0
KQ-290,2026-06-09,Customer 10,Corporate Client,10L Bulk Dispenser Box,17,900.0,15300.0,170.0
KQ-290,2026-06-09,Customer 10,Corporate Client,Flavored Water 500ml Case (24 Pack),6,1440.0,8640.0,72.0
KQ-290,2026-06-09,Customer 10,Corporate Client,20L Dispenser Bottle,394,1800.0,709200.0,7880.0
KQ-291,2026-01-31,Customer 12,Distributor,10L Bulk Dispenser Box,31,900.0,27900.0,310.0
KQ-292,2026-07-20,Customer 12,Distributor,5L Jerrycan,4,350.0,1400.0,20.0
KQ-292,2026-07-20,Customer 12,Distributor,Premium Glass 500ml (12 Pack),20,3600.0,72000.0,120.0
KQ-292,2026-07-20,Customer 12,Distributor,500ml Bottle Case (24 Pack),46,1200.0,55200.0,552.0
KQ-293,2025-12-29,Customer 5,Distributor,1L Bottle Case (12 Pack),285,1800.0,513000.0,3420.0
KQ-293,2025-12-29,Customer 5,Distributor,5L Jerrycan,19,350.0,6650.0,95.0
KQ-294,2025-12-21,Customer 8,Distributor,500ml Bottle Case (24 Pack),50,1200.0,60000.0,600.0
KQ-294,2025-12-21,Customer 8,Distributor,1L Bottle Case (12 Pack),27,1800.0,48600.0,324.0
KQ-295,2026-04-29,Customer 9,Government Entity,Flavored Water 500ml Case (24 Pack),18,1440.0,25920.0,216.0
KQ-295,2026-04-29,Customer 9,Government Entity,20L Dispenser Bottle,43,1800.0,77400.0,860.0
KQ-295,2026-04-29,Customer 9,Government Entity,5L Jerrycan,11,350.0,3850.0,55.0
KQ-295,2026-04-29,Customer 9,Government Entity,10L Bulk Dispenser Box,13,900.0,11700.0,130.0
KQ-295,2026-04-29,Customer 9,Government Entity,500ml Bottle Case (24 Pack),4,1200.0,4800.0,48.0
KQ-296,2025-12-21,Customer 3,Government Entity,Flavored Water 500ml Case (24 Pack),43,1440.0,61920.0,516.0
KQ-296,2025-12-21,Customer 3,Government Entity,250ml Cups Case (48 Pack),13,960.0,12480.0,156.0
KQ-296,2025-12-21,Customer 3,Government Entity,Premium Glass 500ml (12 Pack),24,3600.0,86400.0,144.0
KQ-296,2025-12-21,Customer 3,Government Entity,250ml Cups Case (48 Pack),50,960.0,48000.0,600.0
KQ-296,2025-12-21,Customer 3,Government Entity,5L Jerrycan,37,350.0,12950.0,185.0
KQ-297,2026-01-27,Customer 7,Distributor,1L Bottle Case (12 Pack),34,1800.0,61200.0,408.0
KQ-297,2026-01-27,Customer 7,Distributor,20L Dispenser Bottle,43,1800.0,77400.0,860.0
KQ-297,2026-01-27,Customer 7,Distributor,250ml Cups Case (48 Pack),9,960.0,8640.0,108.0
KQ-298,2026-02-25,Customer 5,Distributor,5L Jerrycan,32,350.0,11200.0,160.0
KQ-298,2026-02-25,Customer 5,Distributor,500ml Bottle Case (24 Pack),47,1200.0,56400.0,564.0
KQ-298,2026-02-25,Customer 5,Distributor,1L Bottle Case (12 Pack),1,1800.0,1800.0,12.0
KQ-299,2025-10-31,Customer 7,Distributor,Flavored Water 500ml Case (24 Pack),351,1440.0,505440.0,4212.0
KQ-299,2025-10-31,Customer 7,Distributor,Flavored Water 500ml Case (24 Pack),34,1440.0,48960.0,408.0
KQ-299,2025-10-31,Customer 7,Distributor,Premium Glass 500ml (12 Pack),19,3600.0,68400.0,114.0
KQ-300,2026-08-23,Customer 14,Corporate Client,500ml Bottle Case (24 Pack),4,1200.0,4800.0,48.0
KQ-300,2026-08-23,Customer 14,Corporate Client,500ml Bottle Case (24 Pack),46,1200.0,55200.0,552.0
KQ-300,2026-08-23,Customer 14,Corporate Client,Flavored Water 500ml Case (24 Pack),37,1440.0,53280.0,444.0
KQ-300,2026-08-23,Customer 14,Corporate Client,10L Bulk Dispenser Box,13,900.0,11700.0,130.0
KQ-301,2026-01-01,Customer 11,Government Entity,Flavored Water 500ml Case (24 Pack),25,1440.0,36000.0,300.0
KQ-301,2026-01-01,Customer 11,Government Entity,Flavored Water 500ml Case (24 Pack),16,1440.0,23040.0,192.0
KQ-301,2026-01-01,Customer 11,Government Entity,5L Jerrycan,15,350.0,5250.0,75.0
KQ-301,2026-01-01,Customer 11,Government Entity,20L Dispenser Bottle,308,1800.0,554400.0,6160.0
KQ-302,2026-05-10,Customer 15,Distributor,Premium Glass 500ml (12 Pack),16,3600.0,57600.0,96.0
KQ-302,2026-05-10,Customer 15,Distributor,Flavored Water 500ml Case (24 Pack),317,1440.0,456480.0,3804.0
KQ-303,2026-06-05,Customer 9,Government Entity,20L Dispenser Bottle,49,1800.0,88200.0,980.0
KQ-303,2026-06-05,Customer 9,Government Entity,5L Jerrycan,19,350.0,6650.0,95.0
KQ-303,2026-06-05,Customer 9,Government Entity,250ml Cups Case (48 Pack),1,960.0,960.0,12.0
KQ-303,2026-06-05,Customer 9,Government Entity,250ml Cups Case (48 Pack),18,960.0,17280.0,216.0
KQ-303,2026-06-05,Customer 9,Government Entity,500ml Bottle Case (24 Pack),50,1200.0,60000.0,600.0
KQ-304,2026-06-15,Customer 3,Government Entity,1L Bottle Case (12 Pack),20,1800.0,36000.0,240.0
KQ-304,2026-06-15,Customer 3,Government Entity,1L Bottle Case (12 Pack),32,1800.0,57600.0,384.0
KQ-305,2026-05-08,Customer 3,Government Entity,1L Bottle Case (12 Pack),50,1800.0,90000.0,600.0
KQ-305,2026-05-08,Customer 3,Government Entity,5L Jerrycan,41,350.0,14350.0,205.0
KQ-306,2026-06-27,Customer 5,Distributor,10L Bulk Dispenser Box,14,900.0,12600.0,140.0
KQ-307,2026-09-02,Customer 13,Government Entity,20L Dispenser Bottle,31,1800.0,55800.0,620.0
KQ-307,2026-09-02,Customer 13,Government Entity,Flavored Water 500ml Case (24 Pack),41,1440.0,59040.0,492.0
KQ-307,2026-09-02,Customer 13,Government Entity,10L Bulk Dispenser Box,41,900.0,36900.0,410.0
KQ-307,2026-09-02,Customer 13,Government Entity,250ml Cups Case (48 Pack),44,960.0,42240.0,528.0
KQ-307,2026-09-02,Customer 13,Government Entity,500ml Bottle Case (24 Pack),50,1200.0,60000.0,600.0
KQ-308,2026-06-11,Customer 4,KQ Internal Department,20L Dispenser Bottle,34,1800.0,61200.0,680.0
KQ-308,2026-06-11,Customer 4,KQ Internal Department,1L Bottle Case (12 Pack),50,1800.0,90000.0,600.0
KQ-309,2026-07-31,Customer 11,Government Entity,5L Jerrycan,18,350.0,6300.0,90.0
KQ-310,2026-03-20,Customer 14,Corporate Client,1L Bottle Case (12 Pack),22,1800.0,39600.0,264.0
KQ-310,2026-03-20,Customer 14,Corporate Client,5L Jerrycan,47,350.0,16450.0,235.0
KQ-310,2026-03-20,Customer 14,Corporate Client,20L Dispenser Bottle,49,1800.0,88200.0,980.0
KQ-310,2026-03-20,Customer 14,Corporate Client,10L Bulk Dispenser Box,11,900.0,9900.0,110.0
KQ-311,2026-09-30,Customer 14,Corporate Client,1L Bottle Case (12 Pack),25,1800.0,45000.0,300.0
KQ-311,2026-09-30,Customer 14,Corporate Client,10L Bulk Dispenser Box,458,900.0,412200.0,4580.0
KQ-311,2026-09-30,Customer 14,Corporate Client,250ml Cups Case (48 Pack),47,960.0,45120.0,564.0
KQ-312,2026-08-02,Customer 9,Government Entity,5L Jerrycan,28,350.0,9800.0,140.0
KQ-312,2026-08-02,Customer 9,Government Entity,Premium Glass 500ml (12 Pack),32,3600.0,115200.0,192.0
KQ-313,2026-07-13,Customer 11,Government Entity,Flavored Water 500ml Case (24 Pack),16,1440.0,23040.0,192.0
KQ-313,2026-07-13,Customer 11,Government Entity,5L Jerrycan,16,350.0,5600.0,80.0
KQ-314,2026-02-24,Customer 10,Corporate Client,10L Bulk Dispenser Box,35,900.0,31500.0,350.0
KQ-315,2025-12-10,Customer 12,Distributor,Premium Glass 500ml (12 Pack),26,3600.0,93600.0,156.0
KQ-316,2025-10-07,Customer 11,Government Entity,1L Bottle Case (12 Pack),14,1800.0,25200.0,168.0
KQ-316,2025-10-07,Customer 11,Government Entity,250ml Cups Case (48 Pack),36,960.0,34560.0,432.0
KQ-317,2026-09-29,Customer 5,Distributor,250ml Cups Case (48 Pack),41,960.0,39360.0,492.0
KQ-317,2026-09-29,Customer 5,Distributor,5L Jerrycan,44,350.0,15400.0,220.0
KQ-317,2026-09-29,Customer 5,Distributor,10L Bulk Dispenser Box,371,900.0,333900.0,3710.0
KQ-318,2026-09-19,Customer 7,Distributor,Premium Glass 500ml (12 Pack),11,3600.0,39600.0,66.0
KQ-318,2026-09-19,Customer 7,Distributor,Premium Glass 500ml (12 Pack),5,3600.0,18000.0,30.0
KQ-318,2026-09-19,Customer 7,Distributor,10L Bulk Dispenser Box,44,900.0,39600.0,440.0
KQ-318,2026-09-19,Customer 7,Distributor,5L Jerrycan,1,350.0,350.0,5.0
KQ-319,2026-05-08,Customer 9,Government Entity,Flavored Water 500ml Case (24 Pack),10,1440.0,14400.0,120.0
KQ-319,2026-05-08,Customer 9,Government Entity,Premium Glass 500ml (12 Pack),5,3600.0,18000.0,30.0
KQ-319,2026-05-08,Customer 9,Government Entity,10L Bulk Dispenser Box,3,900.0,2700.0,30.0
KQ-319,2026-05-08,Customer 9,Government Entity,5L Jerrycan,22,350.0,7700.0,110.0
KQ-319,2026-05-08,Customer 9,Government Entity,250ml Cups Case (48 Pack),48,960.0,46080.0,576.0
KQ-320,2025-10-08,Customer 8,Distributor,500ml Bottle Case (24 Pack),4,1200.0,4800.0,48.0
KQ-320,2025-10-08,Customer 8,Distributor,500ml Bottle Case (24 Pack),232,1200.0,278400.0,2784.0
KQ-320,2025-10-08,Customer 8,Distributor,500ml Bottle Case (24 Pack),46,1200.0,55200.0,552.0
KQ-321,2026-05-04,Customer 6,Distributor,20L Dispenser Bottle,18,1800.0,32400.0,360.0
KQ-321,2026-05-04,Customer 6,Distributor,Premium Glass 500ml (12 Pack),9,3600.0,32400.0,54.0
KQ-321,2026-05-04,Customer 6,Distributor,5L Jerrycan,1,350.0,350.0,5.0
KQ-321,2026-05-04,Customer 6,Distributor,Flavored Water 500ml Case (24 Pack),431,1440.0,620640.0,5172.0
KQ-322,2026-09-05,Customer 2,Corporate Client,5L Jerrycan,49,350.0,17150.0,245.0
KQ-322,2026-09-05,Customer 2,Corporate Client,10L Bulk Dispenser Box,3,900.0,2700.0,30.0
KQ-322,2026-09-05,Customer 2,Corporate Client,20L Dispenser Bottle,25,1800.0,45000.0,500.0
KQ-322,2026-09-05,Customer 2,Corporate Client,1L Bottle Case (12 Pack),29,1800.0,52200.0,348.0
KQ-323,2025-10-04,Customer 8,Distributor,Flavored Water 500ml Case (24 Pack),30,1440.0,43200.0,360.0
KQ-324,2025-12-16,Customer 2,Corporate Client,10L Bulk Dispenser Box,25,900.0,22500.0,250.0
KQ-324,2025-12-16,Customer 2,Corporate Client,Premium Glass 500ml (12 Pack),49,3600.0,176400.0,294.0
KQ-324,2025-12-16,Customer 2,Corporate Client,500ml Bottle Case (24 Pack),44,1200.0,52800.0,528.0
KQ-324,2025-12-16,Customer 2,Corporate Client,500ml Bottle Case (24 Pack),37,1200.0,44400.0,444.0
KQ-325,2025-11-23,Customer 13,Government Entity,10L Bulk Dispenser Box,12,900.0,10800.0,120.0
KQ-325,2025-11-23,Customer 13,Government Entity,500ml Bottle Case (24 Pack),47,1200.0,56400.0,564.0
KQ-326,2026-09-14,Customer 2,Corporate Client,20L Dispenser Bottle,24,1800.0,43200.0,480.0
KQ-326,2026-09-14,Customer 2,Corporate Client,5L Jerrycan,45,350.0,15750.0,225.0
KQ-327,2026-05-12,Customer 9,Government Entity,250ml Cups Case (48 Pack),483,960.0,463680.0,5796.0
KQ-328,2026-04-27,Customer 13,Government Entity,20L Dispenser Bottle,43,1800.0,77400.0,860.0
KQ-328,2026-04-27,Customer 13,Government Entity,Flavored Water 500ml Case (24 Pack),33,1440.0,47520.0,396.0
KQ-329,2025-10-26,Customer 14,Corporate Client,Flavored Water 500ml Case (24 Pack),46,1440.0,66240.0,552.0
KQ-329,2025-10-26,Customer 14,Corporate Client,1L Bottle Case (12 Pack),46,1800.0,82800.0,552.0
KQ-329,2025-10-26,Customer 14,Corporate Client,500ml Bottle Case (24 Pack),4,1200.0,4800.0,48.0
KQ-329,2025-10-26,Customer 14,Corporate Client,500ml Bottle Case (24 Pack),494,1200.0,592800.0,5928.0
KQ-329,2025-10-26,Customer 14,Corporate Client,500ml Bottle Case (24 Pack),18,1200.0,21600.0,216.0
KQ-330,2026-02-08,Customer 3,Government Entity,500ml Bottle Case (24 Pack),24,1200.0,28800.0,288.0
KQ-330,2026-02-08,Customer 3,Government Entity,5L Jerrycan,40,350.0,14000.0,200.0
KQ-331,2025-11-01,Customer 12,Distributor,250ml Cups Case (48 Pack),337,960.0,323520.0,4044.0
KQ-331,2025-11-01,Customer 12,Distributor,500ml Bottle Case (24 Pack),12,1200.0,14400.0,144.0
KQ-332,2026-08-31,Customer 2,Corporate Client,Premium Glass 500ml (12 Pack),8,3600.0,28800.0,48.0
KQ-332,2026-08-31,Customer 2,Corporate Client,Flavored Water 500ml Case (24 Pack),46,1440.0,66240.0,552.0
KQ-332,2026-08-31,Customer 2,Corporate Client,250ml Cups Case (48 Pack),40,960.0,38400.0,480.0
KQ-333,2026-06-13,Customer 6,Distributor,20L Dispenser Bottle,49,1800.0,88200.0,980.0
KQ-333,2026-06-13,Customer 6,Distributor,Flavored Water 500ml Case (24 Pack),41,1440.0,59040.0,492.0
KQ-333,2026-06-13,Customer 6,Distributor,500ml Bottle Case (24 Pack),21,1200.0,25200.0,252.0
KQ-333,2026-06-13,Customer 6,Distributor,20L Dispenser Bottle,28,1800.0,50400.0,560.0
KQ-333,2026-06-13,Customer 6,Distributor,1L Bottle Case (12 Pack),9,1800.0,16200.0,108.0
KQ-334,2026-06-13,Customer 1,KQ Internal Department,250ml Cups Case (48 Pack),35,960.0,33600.0,420.0
KQ-334,2026-06-13,Customer 1,KQ Internal Department,10L Bulk Dispenser Box,2,900.0,1800.0,20.0
KQ-334,2026-06-13,Customer 1,KQ Internal Department,10L Bulk Dispenser Box,50,900.0,45000.0,500.0
KQ-334,2026-06-13,Customer 1,KQ Internal Department,500ml Bottle Case (24 Pack),37,1200.0,44400.0,444.0
KQ-335,2026-05-27,Customer 8,Distributor,500ml Bottle Case (24 Pack),11,1200.0,13200.0,132.0
KQ-336,2025-10-26,Customer 5,Distributor,5L Jerrycan,1,350.0,350.0,5.0
KQ-336,2025-10-26,Customer 5,Distributor,10L Bulk Dispenser Box,7,900.0,6300.0,70.0
KQ-337,2026-09-22,Customer 3,Government Entity,20L Dispenser Bottle,15,1800.0,27000.0,300.0
KQ-337,2026-09-22,Customer 3,Government Entity,Premium Glass 500ml (12 Pack),34,3600.0,122400.0,204.0
KQ-337,2026-09-22,Customer 3,Government Entity,Premium Glass 500ml (12 Pack),49,3600.0,176400.0,294.0
KQ-337,2026-09-22,Customer 3,Government Entity,20L Dispenser Bottle,18,1800.0,32400.0,360.0
KQ-337,2026-09-22,Customer 3,Government Entity,Premium Glass 500ml (12 Pack),1,3600.0,3600.0,6.0
KQ-338,2025-10-21,Customer 3,Government Entity,1L Bottle Case (12 Pack),6,1800.0,10800.0,72.0
KQ-338,2025-10-21,Customer 3,Government Entity,Premium Glass 500ml (12 Pack),32,3600.0,115200.0,192.0
KQ-338,2025-10-21,Customer 3,Government Entity,1L Bottle Case (12 Pack),10,1800.0,18000.0,120.0
KQ-339,2026-01-22,Customer 10,Corporate Client,Flavored Water 500ml Case (24 Pack),17,1440.0,24480.0,204.0
KQ-339,2026-01-22,Customer 10,Corporate Client,5L Jerrycan,17,350.0,5950.0,85.0
KQ-340,2026-09-21,Customer 13,Government Entity,Premium Glass 500ml (12 Pack),10,3600.0,36000.0,60.0
KQ-340,2026-09-21,Customer 13,Government Entity,Flavored Water 500ml Case (24 Pack),3,1440.0,4320.0,36.0
KQ-340,2026-09-21,Customer 13,Government Entity,Flavored Water 500ml Case (24 Pack),20,1440.0,28800.0,240.0
KQ-340,2026-09-21,Customer 13,Government Entity,10L Bulk Dispenser Box,17,900.0,15300.0,170.0
KQ-340,2026-09-21,Customer 13,Government Entity,20L Dispenser Bottle,10,1800.0,18000.0,200.0
KQ-341,2026-04-15,Customer 3,Government Entity,10L Bulk Dispenser Box,26,900.0,23400.0,260.0
KQ-341,2026-04-15,Customer 3,Government Entity,250ml Cups Case (48 Pack),32,960.0,30720.0,384.0
KQ-342,2026-04-01,Customer 7,Distributor,500ml Bottle Case (24 Pack),13,1200.0,15600.0,156.0
KQ-343,2026-07-24,Customer 8,Distributor,Premium Glass 500ml (12 Pack),13,3600.0,46800.0,78.0
KQ-344,2025-10-03,Customer 3,Government Entity,20L Dispenser Bottle,28,1800.0,50400.0,560.0
KQ-344,2025-10-03,Customer 3,Government Entity,500ml Bottle Case (24 Pack),44,1200.0,52800.0,528.0
KQ-344,2025-10-03,Customer 3,Government Entity,Premium Glass 500ml (12 Pack),30,3600.0,108000.0,180.0
KQ-345,2026-08-08,Customer 12,Distributor,250ml Cups Case (48 Pack),35,960.0,33600.0,420.0
KQ-345,2026-08-08,Customer 12,Distributor,10L Bulk Dispenser Box,50,900.0,45000.0,500.0
KQ-345,2026-08-08,Customer 12,Distributor,500ml Bottle Case (24 Pack),45,1200.0,54000.0,540.0
KQ-346,2026-06-27,Customer 1,KQ Internal Department,500ml Bottle Case (24 Pack),42,1200.0,50400.0,504.0
KQ-346,2026-06-27,Customer 1,KQ Internal Department,500ml Bottle Case (24 Pack),5,1200.0,6000.0,60.0
KQ-346,2026-06-27,Customer 1,KQ Internal Department,500ml Bottle Case (24 Pack),45,1200.0,54000.0,540.0
KQ-346,2026-06-27,Customer 1,KQ Internal Department,1L Bottle Case (12 Pack),20,1800.0,36000.0,240.0
KQ-347,2026-09-17,Customer 13,Government Entity,20L Dispenser Bottle,32,1800.0,57600.0,640.0
KQ-347,2026-09-17,Customer 13,Government Entity,250ml Cups Case (48 Pack),29,960.0,27840.0,348.0
KQ-347,2026-09-17,Customer 13,Government Entity,Premium Glass 500ml (12 Pack),24,3600.0,86400.0,144.0
KQ-347,2026-09-17,Customer 13,Government Entity,Flavored Water 500ml Case (24 Pack),4,1440.0,5760.0,48.0
KQ-347,2026-09-17,Customer 13,Government Entity,10L Bulk Dispenser Box,35,900.0,31500.0,350.0
KQ-348,2026-05-06,Customer 9,Government Entity,1L Bottle Case (12 Pack),8,1800.0,14400.0,96.0
KQ-348,2026-05-06,Customer 9,Government Entity,1L Bottle Case (12 Pack),34,1800.0,61200.0,408.0
KQ-348,2026-05-06,Customer 9,Government Entity,250ml Cups Case (48 Pack),48,960.0,46080.0,576.0
KQ-349,2026-04-11,Customer 5,Distributor,250ml Cups Case (48 Pack),6,960.0,5760.0,72.0
KQ-349,2026-04-11,Customer 5,Distributor,Premium Glass 500ml (12 Pack),36,3600.0,129600.0,216.0
KQ-349,2026-04-11,Customer 5,Distributor,250ml Cups Case (48 Pack),46,960.0,44160.0,552.0
KQ-349,2026-04-11,Customer 5,Distributor,500ml Bottle Case (24 Pack),41,1200.0,49200.0,492.0
KQ-350,2026-07-05,Customer 11,Government Entity,10L Bulk Dispenser Box,46,900.0,41400.0,460.0
KQ-350,2026-07-05,Customer 11,Government Entity,5L Jerrycan,40,350.0,14000.0,200.0
KQ-351,2026-09-12,Customer 1,KQ Internal Department,10L Bulk Dispenser Box,27,900.0,24300.0,270.0
KQ-351,2026-09-12,Customer 1,KQ Internal Department,250ml Cups Case (48 Pack),41,960.0,39360.0,492.0
KQ-352,2025-11-14,Customer 5,Distributor,500ml Bottle Case (24 Pack),17,1200.0,20400.0,204.0
KQ-352,2025-11-14,Customer 5,Distributor,1L Bottle Case (12 Pack),8,1800.0,14400.0,96.0
KQ-352,2025-11-14,Customer 5,Distributor,1L Bottle Case (12 Pack),221,1800.0,397800.0,2652.0
KQ-352,2025-11-14,Customer 5,Distributor,250ml Cups Case (48 Pack),31,960.0,29760.0,372.0
KQ-353,2026-06-18,Customer 5,Distributor,250ml Cups Case (48 Pack),28,960.0,26880.0,336.0
KQ-353,2026-06-18,Customer 5,Distributor,250ml Cups Case (48 Pack),14,960.0,13440.0,168.0
KQ-354,2025-10-07,Customer 12,Distributor,250ml Cups Case (48 Pack),29,960.0,27840.0,348.0
KQ-354,2025-10-07,Customer 12,Distributor,10L Bulk Dispenser Box,34,900.0,30600.0,340.0
KQ-355,2025-10-09,Customer 1,KQ Internal Department,10L Bulk Dispenser Box,30,900.0,27000.0,300.0
KQ-355,2025-10-09,Customer 1,KQ Internal Department,Premium Glass 500ml (12 Pack),5,3600.0,18000.0,30.0
KQ-355,2025-10-09,Customer 1,KQ Internal Department,Premium Glass 500ml (12 Pack),11,3600.0,39600.0,66.0
KQ-356,2026-07-15,Customer 11,Government Entity,250ml Cups Case (48 Pack),251,960.0,240960.0,3012.0
KQ-356,2026-07-15,Customer 11,Government Entity,5L Jerrycan,46,350.0,16100.0,230.0
KQ-356,2026-07-15,Customer 11,Government Entity,Premium Glass 500ml (12 Pack),10,3600.0,36000.0,60.0
KQ-356,2026-07-15,Customer 11,Government Entity,10L Bulk Dispenser Box,34,900.0,30600.0,340.0
KQ-357,2026-03-16,Customer 9,Government Entity,10L Bulk Dispenser Box,24,900.0,21600.0,240.0
KQ-357,2026-03-16,Customer 9,Government Entity,20L Dispenser Bottle,45,1800.0,81000.0,900.0
KQ-357,2026-03-16,Customer 9,Government Entity,10L Bulk Dispenser Box,12,900.0,10800.0,120.0
KQ-357,2026-03-16,Customer 9,Government Entity,10L Bulk Dispenser Box,30,900.0,27000.0,300.0
KQ-357,2026-03-16,Customer 9,Government Entity,10L Bulk Dispenser Box,29,900.0,26100.0,290.0
KQ-358,2026-08-18,Customer 7,Distributor,250ml Cups Case (48 Pack),14,960.0,13440.0,168.0
KQ-358,2026-08-18,Customer 7,Distributor,250ml Cups Case (48 Pack),3,960.0,2880.0,36.0
KQ-358,2026-08-18,Customer 7,Distributor,500ml Bottle Case (24 Pack),6,1200.0,7200.0,72.0
KQ-358,2026-08-18,Customer 7,Distributor,1L Bottle Case (12 Pack),18,1800.0,32400.0,216.0
KQ-359,2025-11-13,Customer 2,Corporate Client,250ml Cups Case (48 Pack),46,960.0,44160.0,552.0
KQ-360,2025-10-13,Customer 9,Government Entity,1L Bottle Case (12 Pack),28,1800.0,50400.0,336.0
KQ-360,2025-10-13,Customer 9,Government Entity,5L Jerrycan,15,350.0,5250.0,75.0
KQ-360,2025-10-13,Customer 9,Government Entity,10L Bulk Dispenser Box,44,900.0,39600.0,440.0
KQ-360,2025-10-13,Customer 9,Government Entity,20L Dispenser Bottle,42,1800.0,75600.0,840.0
KQ-360,2025-10-13,Customer 9,Government Entity,250ml Cups Case (48 Pack),32,960.0,30720.0,384.0
KQ-361,2026-01-08,Customer 2,Corporate Client,Premium Glass 500ml (12 Pack),33,3600.0,118800.0,198.0
KQ-362,2026-08-14,Customer 9,Government Entity,10L Bulk Dispenser Box,35,900.0,31500.0,350.0
KQ-362,2026-08-14,Customer 9,Government Entity,250ml Cups Case (48 Pack),346,960.0,332160.0,4152.0
KQ-362,2026-08-14,Customer 9,Government Entity,10L Bulk Dispenser Box,28,900.0,25200.0,280.0
KQ-363,2026-06-23,Customer 5,Distributor,500ml Bottle Case (24 Pack),19,1200.0,22800.0,228.0
KQ-363,2026-06-23,Customer 5,Distributor,500ml Bottle Case (24 Pack),223,1200.0,267600.0,2676.0
KQ-363,2026-06-23,Customer 5,Distributor,500ml Bottle Case (24 Pack),21,1200.0,25200.0,252.0
KQ-363,2026-06-23,Customer 5,Distributor,Premium Glass 500ml (12 Pack),31,3600.0,111600.0,186.0
KQ-363,2026-06-23,Customer 5,Distributor,20L Dispenser Bottle,1,1800.0,1800.0,20.0
KQ-364,2026-02-13,Customer 13,Government Entity,Premium Glass 500ml (12 Pack),38,3600.0,136800.0,228.0
KQ-364,2026-02-13,Customer 13,Government Entity,Premium Glass 500ml (12 Pack),49,3600.0,176400.0,294.0
KQ-365,2026-02-21,Customer 15,Distributor,250ml Cups Case (48 Pack),6,960.0,5760.0,72.0
KQ-365,2026-02-21,Customer 15,Distributor,500ml Bottle Case (24 Pack),50,1200.0,60000.0,600.0
KQ-366,2026-05-06,Customer 1,KQ Internal Department,1L Bottle Case (12 Pack),7,1800.0,12600.0,84.0
KQ-366,2026-05-06,Customer 1,KQ Internal Department,20L Dispenser Bottle,18,1800.0,32400.0,360.0
KQ-366,2026-05-06,Customer 1,KQ Internal Department,500ml Bottle Case (24 Pack),39,1200.0,46800.0,468.0
KQ-366,2026-05-06,Customer 1,KQ Internal Department,Flavored Water 500ml Case (24 Pack),41,1440.0,59040.0,492.0
KQ-366,2026-05-06,Customer 1,KQ Internal Department,Flavored Water 500ml Case (24 Pack),50,1440.0,72000.0,600.0
KQ-367,2026-07-15,Customer 7,Distributor,10L Bulk Dispenser Box,30,900.0,27000.0,300.0
KQ-367,2026-07-15,Customer 7,Distributor,20L Dispenser Bottle,26,1800.0,46800.0,520.0
KQ-367,2026-07-15,Customer 7,Distributor,Premium Glass 500ml (12 Pack),25,3600.0,90000.0,150.0
KQ-367,2026-07-15,Customer 7,Distributor,Flavored Water 500ml Case (24 Pack),25,1440.0,36000.0,300.0
KQ-368,2025-10-09,Customer 1,KQ Internal Department,Flavored Water 500ml Case (24 Pack),25,1440.0,36000.0,300.0
KQ-368,2025-10-09,Customer 1,KQ Internal Department,5L Jerrycan,12,350.0,4200.0,60.0
KQ-369,2026-05-07,Customer 2,Corporate Client,10L Bulk Dispenser Box,29,900.0,26100.0,290.0
KQ-369,2026-05-07,Customer 2,Corporate Client,5L Jerrycan,27,350.0,9450.0,135.0
KQ-369,2026-05-07,Customer 2,Corporate Client,20L Dispenser Bottle,9,1800.0,16200.0,180.0
KQ-370,2026-02-07,Customer 3,Government Entity,500ml Bottle Case (24 Pack),43,1200.0,51600.0,516.0
KQ-370,2026-02-07,Customer 3,Government Entity,20L Dispenser Bottle,5,1800.0,9000.0,100.0
KQ-370,2026-02-07,Customer 3,Government Entity,1L Bottle Case (12 Pack),10,1800.0,18000.0,120.0
KQ-370,2026-02-07,Customer 3,Government Entity,10L Bulk Dispenser Box,50,900.0,45000.0,500.0
KQ-370,2026-02-07,Customer 3,Government Entity,10L Bulk Dispenser Box,13,900.0,11700.0,130.0
KQ-371,2026-07-26,Customer 8,Distributor,500ml Bottle Case (24 Pack),240,1200.0,288000.0,2880.0
KQ-372,2025-11-05,Customer 15,Distributor,1L Bottle Case (12 Pack),8,1800.0,14400.0,96.0
KQ-372,2025-11-05,Customer 15,Distributor,1L Bottle Case (12 Pack),12,1800.0,21600.0,144.0
KQ-373,2026-09-09,Customer 11,Government Entity,250ml Cups Case (48 Pack),20,960.0,19200.0,240.0
KQ-373,2026-09-09,Customer 11,Government Entity,Flavored Water 500ml Case (24 Pack),8,1440.0,11520.0,96.0
KQ-373,2026-09-09,Customer 11,Government Entity,5L Jerrycan,450,350.0,157500.0,2250.0
KQ-373,2026-09-09,Customer 11,Government Entity,1L Bottle Case (12 Pack),46,1800.0,82800.0,552.0
KQ-374,2026-01-04,Customer 1,KQ Internal Department,250ml Cups Case (48 Pack),12,960.0,11520.0,144.0
KQ-374,2026-01-04,Customer 1,KQ Internal Department,5L Jerrycan,11,350.0,3850.0,55.0
KQ-374,2026-01-04,Customer 1,KQ Internal Department,500ml Bottle Case (24 Pack),14,1200.0,16800.0,168.0
KQ-375,2026-02-24,Customer 1,KQ Internal Department,10L Bulk Dispenser Box,42,900.0,37800.0,420.0
KQ-376,2026-03-28,Customer 5,Distributor,Flavored Water 500ml Case (24 Pack),33,1440.0,47520.0,396.0
KQ-376,2026-03-28,Customer 5,Distributor,10L Bulk Dispenser Box,11,900.0,9900.0,110.0
KQ-377,2025-11-27,Customer 12,Distributor,5L Jerrycan,50,350.0,17500.0,250.0
KQ-377,2025-11-27,Customer 12,Distributor,1L Bottle Case (12 Pack),4,1800.0,7200.0,48.0
KQ-377,2025-11-27,Customer 12,Distributor,20L Dispenser Bottle,10,1800.0,18000.0,200.0
KQ-377,2025-11-27,Customer 12,Distributor,10L Bulk Dispenser Box,33,900.0,29700.0,330.0
KQ-377,2025-11-27,Customer 12,Distributor,500ml Bottle Case (24 Pack),19,1200.0,22800.0,228.0
KQ-378,2026-09-23,Customer 2,Corporate Client,1L Bottle Case (12 Pack),49,1800.0,88200.0,588.0
KQ-378,2026-09-23,Customer 2,Corporate Client,10L Bulk Dispenser Box,28,900.0,25200.0,280.0
KQ-378,2026-09-23,Customer 2,Corporate Client,20L Dispenser Bottle,349,1800.0,628200.0,6980.0
KQ-378,2026-09-23,Customer 2,Corporate Client,500ml Bottle Case (24 Pack),15,1200.0,18000.0,180.0
KQ-379,2026-08-24,Customer 1,KQ Internal Department,20L Dispenser Bottle,12,1800.0,21600.0,240.0
KQ-379,2026-08-24,Customer 1,KQ Internal Department,5L Jerrycan,5,350.0,1750.0,25.0
KQ-379,2026-08-24,Customer 1,KQ Internal Department,20L Dispenser Bottle,21,1800.0,37800.0,420.0
KQ-379,2026-08-24,Customer 1,KQ Internal Department,Flavored Water 500ml Case (24 Pack),46,1440.0,66240.0,552.0
KQ-380,2026-07-09,Customer 1,KQ Internal Department,1L Bottle Case (12 Pack),43,1800.0,77400.0,516.0
KQ-380,2026-07-09,Customer 1,KQ Internal Department,5L Jerrycan,13,350.0,4550.0,65.0
KQ-380,2026-07-09,Customer 1,KQ Internal Department,Flavored Water 500ml Case (24 Pack),5,1440.0,7200.0,60.0
KQ-381,2026-09-06,Customer 7,Distributor,500ml Bottle Case (24 Pack),13,1200.0,15600.0,156.0
KQ-381,2026-09-06,Customer 7,Distributor,20L Dispenser Bottle,18,1800.0,32400.0,360.0
KQ-381,2026-09-06,Customer 7,Distributor,1L Bottle Case (12 Pack),35,1800.0,63000.0,420.0
KQ-382,2025-12-14,Customer 11,Government Entity,500ml Bottle Case (24 Pack),34,1200.0,40800.0,408.0
KQ-382,2025-12-14,Customer 11,Government Entity,20L Dispenser Bottle,49,1800.0,88200.0,980.0
KQ-382,2025-12-14,Customer 11,Government Entity,250ml Cups Case (48 Pack),49,960.0,47040.0,588.0
KQ-382,2025-12-14,Customer 11,Government Entity,5L Jerrycan,4,350.0,1400.0,20.0
KQ-383,2026-08-07,Customer 3,Government Entity,20L Dispenser Bottle,24,1800.0,43200.0,480.0
KQ-383,2026-08-07,Customer 3,Government Entity,20L Dispenser Bottle,44,1800.0,79200.0,880.0
KQ-383,2026-08-07,Customer 3,Government Entity,500ml Bottle Case (24 Pack),7,1200.0,8400.0,84.0
KQ-384,2026-07-08,Customer 8,Distributor,500ml Bottle Case (24 Pack),23,1200.0,27600.0,276.0
KQ-385,2026-04-08,Customer 14,Corporate Client,500ml Bottle Case (24 Pack),48,1200.0,57600.0,576.0
KQ-385,2026-04-08,Customer 14,Corporate Client,10L Bulk Dispenser Box,14,900.0,12600.0,140.0
KQ-385,2026-04-08,Customer 14,Corporate Client,250ml Cups Case (48 Pack),20,960.0,19200.0,240.0
KQ-386,2025-12-22,Customer 8,Distributor,Premium Glass 500ml (12 Pack),36,3600.0,129600.0,216.0
KQ-386,2025-12-22,Customer 8,Distributor,Flavored Water 500ml Case (24 Pack),16,1440.0,23040.0,192.0
KQ-386,2025-12-22,Customer 8,Distributor,10L Bulk Dispenser Box,44,900.0,39600.0,440.0
KQ-386,2025-12-22,Customer 8,Distributor,20L Dispenser Bottle,37,1800.0,66600.0,740.0
KQ-386,2025-12-22,Customer 8,Distributor,20L Dispenser Bottle,3,1800.0,5400.0,60.0
KQ-387,2026-07-25,Customer 4,KQ Internal Department,250ml Cups Case (48 Pack),31,960.0,29760.0,372.0
KQ-387,2026-07-25,Customer 4,KQ Internal Department,Premium Glass 500ml (12 Pack),3,3600.0,10800.0,18.0
KQ-387,2026-07-25,Customer 4,KQ Internal Department,250ml Cups Case (48 Pack),28,960.0,26880.0,336.0
KQ-387,2026-07-25,Customer 4,KQ Internal Department,250ml Cups Case (48 Pack),47,960.0,45120.0,564.0
KQ-388,2025-11-22,Customer 11,Government Entity,5L Jerrycan,14,350.0,4900.0,70.0
KQ-388,2025-11-22,Customer 11,Government Entity,250ml Cups Case (48 Pack),37,960.0,35520.0,444.0
KQ-388,2025-11-22,Customer 11,Government Entity,250ml Cups Case (48 Pack),36,960.0,34560.0,432.0
KQ-389,2026-07-21,Customer 6,Distributor,Flavored Water 500ml Case (24 Pack),50,1440.0,72000.0,600.0
KQ-390,2026-01-28,Customer 9,Government Entity,Flavored Water 500ml Case (24 Pack),3,1440.0,4320.0,36.0
KQ-390,2026-01-28,Customer 9,Government Entity,Flavored Water 500ml Case (24 Pack),17,1440.0,24480.0,204.0
KQ-390,2026-01-28,Customer 9,Government Entity,20L Dispenser Bottle,4,1800.0,7200.0,80.0
KQ-390,2026-01-28,Customer 9,Government Entity,10L Bulk Dispenser Box,42,900.0,37800.0,420.0
KQ-391,2026-07-07,Customer 3,Government Entity,10L Bulk Dispenser Box,23,900.0,20700.0,230.0
KQ-391,2026-07-07,Customer 3,Government Entity,500ml Bottle Case (24 Pack),35,1200.0,42000.0,420.0
KQ-391,2026-07-07,Customer 3,Government Entity,20L Dispenser Bottle,8,1800.0,14400.0,160.0
KQ-392,2025-11-20,Customer 2,Corporate Client,250ml Cups Case (48 Pack),3,960.0,2880.0,36.0
KQ-392,2025-11-20,Customer 2,Corporate Client,250ml Cups Case (48 Pack),20,960.0,19200.0,240.0
KQ-393,2026-04-16,Customer 15,Distributor,250ml Cups Case (48 Pack),20,960.0,19200.0,240.0
KQ-393,2026-04-16,Customer 15,Distributor,500ml Bottle Case (24 Pack),26,1200.0,31200.0,312.0
KQ-393,2026-04-16,Customer 15,Distributor,5L Jerrycan,42,350.0,14700.0,210.0
KQ-393,2026-04-16,Customer 15,Distributor,500ml Bottle Case (24 Pack),32,1200.0,38400.0,384.0
KQ-393,2026-04-16,Customer 15,Distributor,250ml Cups Case (48 Pack),45,960.0,43200.0,540.0
KQ-394,2026-06-05,Customer 3,Government Entity,250ml Cups Case (48 Pack),24,960.0,23040.0,288.0
KQ-395,2025-10-24,Customer 8,Distributor,5L Jerrycan,290,350.0,101500.0,1450.0
KQ-395,2025-10-24,Customer 8,Distributor,Premium Glass 500ml (12 Pack),25,3600.0,90000.0,150.0
KQ-395,2025-10-24,Customer 8,Distributor,Flavored Water 500ml Case (24 Pack),1,1440.0,1440.0,12.0
KQ-396,2026-04-21,Customer 2,Corporate Client,250ml Cups Case (48 Pack),25,960.0,24000.0,300.0
KQ-396,2026-04-21,Customer 2,Corporate Client,5L Jerrycan,43,350.0,15050.0,215.0
KQ-396,2026-04-21,Customer 2,Corporate Client,500ml Bottle Case (24 Pack),14,1200.0,16800.0,168.0
KQ-397,2026-08-02,Customer 6,Distributor,Flavored Water 500ml Case (24 Pack),39,1440.0,56160.0,468.0
KQ-397,2026-08-02,Customer 6,Distributor,Premium Glass 500ml (12 Pack),27,3600.0,97200.0,162.0
KQ-397,2026-08-02,Customer 6,Distributor,5L Jerrycan,38,350.0,13300.0,190.0
KQ-397,2026-08-02,Customer 6,Distributor,Flavored Water 500ml Case (24 Pack),35,1440.0,50400.0,420.0
KQ-398,2026-02-25,Customer 13,Government Entity,10L Bulk Dispenser Box,49,900.0,44100.0,490.0
KQ-399,2026-08-13,Customer 5,Distributor,10L Bulk Dispenser Box,26,900.0,23400.0,260.0
KQ-399,2026-08-13,Customer 5,Distributor,Premium Glass 500ml (12 Pack),48,3600.0,172800.0,288.0
KQ-399,2026-08-13,Customer 5,Distributor,20L Dispenser Bottle,46,1800.0,82800.0,920.0
KQ-399,2026-08-13,Customer 5,Distributor,Flavored Water 500ml Case (24 Pack),36,1440.0,51840.0,432.0
KQ-400,2026-08-25,Customer 11,Government Entity,500ml Bottle Case (24 Pack),25,1200.0,30000.0,300.0
KQ-400,2026-08-25,Customer 11,Government Entity,500ml Bottle Case (24 Pack),6,1200.0,7200.0,72.0
KQ-400,2026-08-25,Customer 11,Government Entity,1L Bottle Case (12 Pack),5,1800.0,9000.0,60.0
KQ-400,2026-08-25,Customer 11,Government Entity,500ml Bottle Case (24 Pack),1,1200.0,1200.0,12.0
KQ-400,2026-08-25,Customer 11,Government Entity,10L Bulk Dispenser Box,36,900.0,32400.0,360.0
KQ-401,2025-12-02,Customer 3,Government Entity,Flavored Water 500ml Case (24 Pack),14,1440.0,20160.0,168.0
KQ-401,2025-12-02,Customer 3,Government Entity,20L Dispenser Bottle,200,1800.0,360000.0,4000.0
KQ-401,2025-12-02,Customer 3,Government Entity,Premium Glass 500ml (12 Pack),20,3600.0,72000.0,120.0
KQ-401,2025-12-02,Customer 3,Government Entity,Flavored Water 500ml Case (24 Pack),27,1440.0,38880.0,324.0
KQ-401,2025-12-02,Customer 3,Government Entity,5L Jerrycan,28,350.0,9800.0,140.0
KQ-402,2026-02-07,Customer 2,Corporate Client,250ml Cups Case (48 Pack),34,960.0,32640.0,408.0
KQ-403,2026-07-13,Customer 2,Corporate Client,1L Bottle Case (12 Pack),8,1800.0,14400.0,96.0
KQ-404,2026-09-11,Customer 1,KQ Internal Department,Flavored Water 500ml Case (24 Pack),40,1440.0,57600.0,480.0
KQ-404,2026-09-11,Customer 1,KQ Internal Department,10L Bulk Dispenser Box,14,900.0,12600.0,140.0
KQ-404,2026-09-11,Customer 1,KQ Internal Department,Premium Glass 500ml (12 Pack),24,3600.0,86400.0,144.0
KQ-404,2026-09-11,Customer 1,KQ Internal Department,Flavored Water 500ml Case (24 Pack),12,1440.0,17280.0,144.0
KQ-404,2026-09-11,Customer 1,KQ Internal Department,Premium Glass 500ml (12 Pack),5,3600.0,18000.0,30.0
KQ-405,2026-05-19,Customer 9,Government Entity,Premium Glass 500ml (12 Pack),35,3600.0,126000.0,210.0
KQ-405,2026-05-19,Customer 9,Government Entity,Premium Glass 500ml (12 Pack),43,3600.0,154800.0,258.0
KQ-405,2026-05-19,Customer 9,Government Entity,5L Jerrycan,22,350.0,7700.0,110.0
KQ-405,2026-05-19,Customer 9,Government Entity,1L Bottle Case (12 Pack),3,1800.0,5400.0,36.0
KQ-405,2026-05-19,Customer 9,Government Entity,Flavored Water 500ml Case (24 Pack),33,1440.0,47520.0,396.0
KQ-406,2025-10-11,Customer 14,Corporate Client,Flavored Water 500ml Case (24 Pack),2,1440.0,2880.0,24.0
KQ-407,2026-06-11,Customer 10,Corporate Client,20L Dispenser Bottle,20,1800.0,36000.0,400.0
KQ-407,2026-06-11,Customer 10,Corporate Client,1L Bottle Case (12 Pack),9,1800.0,16200.0,108.0
KQ-407,2026-06-11,Customer 10,Corporate Client,1L Bottle Case (12 Pack),6,1800.0,10800.0,72.0
KQ-408,2026-05-13,Customer 11,Government Entity,20L Dispenser Bottle,23,1800.0,41400.0,460.0
KQ-408,2026-05-13,Customer 11,Government Entity,250ml Cups Case (48 Pack),46,960.0,44160.0,552.0
KQ-408,2026-05-13,Customer 11,Government Entity,Premium Glass 500ml (12 Pack),37,3600.0,133200.0,222.0
KQ-408,2026-05-13,Customer 11,Government Entity,Premium Glass 500ml (12 Pack),2,3600.0,7200.0,12.0
KQ-408,2026-05-13,Customer 11,Government Entity,20L Dispenser Bottle,37,1800.0,66600.0,740.0
KQ-409,2025-12-12,Customer 12,Distributor,Flavored Water 500ml Case (24 Pack),46,1440.0,66240.0,552.0
KQ-409,2025-12-12,Customer 12,Distributor,10L Bulk Dispenser Box,38,900.0,34200.0,380.0
KQ-410,2026-09-21,Customer 11,Government Entity,10L Bulk Dispenser Box,47,900.0,42300.0,470.0
KQ-410,2026-09-21,Customer 11,Government Entity,Flavored Water 500ml Case (24 Pack),16,1440.0,23040.0,192.0
KQ-410,2026-09-21,Customer 11,Government Entity,10L Bulk Dispenser Box,39,900.0,35100.0,390.0
KQ-410,2026-09-21,Customer 11,Government Entity,250ml Cups Case (48 Pack),2,960.0,1920.0,24.0
KQ-411,2026-06-27,Customer 11,Government Entity,10L Bulk Dispenser Box,25,900.0,22500.0,250.0
KQ-411,2026-06-27,Customer 11,Government Entity,5L Jerrycan,18,350.0,6300.0,90.0
KQ-412,2026-06-01,Customer 10,Corporate Client,10L Bulk Dispenser Box,11,900.0,9900.0,110.0
KQ-413,2026-01-06,Customer 2,Corporate Client,250ml Cups Case (48 Pack),49,960.0,47040.0,588.0
KQ-414,2025-11-03,Customer 13,Government Entity,Flavored Water 500ml Case (24 Pack),40,1440.0,57600.0,480.0
KQ-414,2025-11-03,Customer 13,Government Entity,500ml Bottle Case (24 Pack),469,1200.0,562800.0,5628.0
KQ-414,2025-11-03,Customer 13,Government Entity,1L Bottle Case (12 Pack),25,1800.0,45000.0,300.0
KQ-415,2026-03-05,Customer 8,Distributor,Premium Glass 500ml (12 Pack),12,3600.0,43200.0,72.0
KQ-415,2026-03-05,Customer 8,Distributor,10L Bulk Dispenser Box,34,900.0,30600.0,340.0
KQ-415,2026-03-05,Customer 8,Distributor,250ml Cups Case (48 Pack),17,960.0,16320.0,204.0
KQ-415,2026-03-05,Customer 8,Distributor,250ml Cups Case (48 Pack),23,960.0,22080.0,276.0
KQ-416,2026-07-02,Customer 11,Government Entity,1L Bottle Case (12 Pack),12,1800.0,21600.0,144.0
KQ-417,2026-02-19,Customer 14,Corporate Client,500ml Bottle Case (24 Pack),17,1200.0,20400.0,204.0
KQ-418,2026-08-12,Customer 12,Distributor,1L Bottle Case (12 Pack),43,1800.0,77400.0,516.0
KQ-418,2026-08-12,Customer 12,Distributor,Premium Glass 500ml (12 Pack),18,3600.0,64800.0,108.0
KQ-419,2026-02-06,Customer 12,Distributor,500ml Bottle Case (24 Pack),46,1200.0,55200.0,552.0
KQ-419,2026-02-06,Customer 12,Distributor,5L Jerrycan,6,350.0,2100.0,30.0
KQ-419,2026-02-06,Customer 12,Distributor,Premium Glass 500ml (12 Pack),305,3600.0,1098000.0,1830.0
KQ-419,2026-02-06,Customer 12,Distributor,1L Bottle Case (12 Pack),26,1800.0,46800.0,312.0
KQ-419,2026-02-06,Customer 12,Distributor,20L Dispenser Bottle,42,1800.0,75600.0,840.0
KQ-420,2025-12-02,Customer 7,Distributor,5L Jerrycan,29,350.0,10150.0,145.0
KQ-420,2025-12-02,Customer 7,Distributor,250ml Cups Case (48 Pack),3,960.0,2880.0,36.0
KQ-420,2025-12-02,Customer 7,Distributor,500ml Bottle Case (24 Pack),23,1200.0,27600.0,276.0
KQ-421,2025-10-22,Customer 8,Distributor,250ml Cups Case (48 Pack),13,960.0,12480.0,156.0
KQ-422,2026-06-26,Customer 6,Distributor,500ml Bottle Case (24 Pack),41,1200.0,49200.0,492.0
KQ-422,2026-06-26,Customer 6,Distributor,500ml Bottle Case (24 Pack),38,1200.0,45600.0,456.0
KQ-422,2026-06-26,Customer 6,Distributor,10L Bulk Dispenser Box,13,900.0,11700.0,130.0
KQ-423,2026-01-19,Customer 9,Government Entity,Flavored Water 500ml Case (24 Pack),20,1440.0,28800.0,240.0
KQ-424,2026-09-20,Customer 1,KQ Internal Department,20L Dispenser Bottle,37,1800.0,66600.0,740.0
KQ-424,2026-09-20,Customer 1,KQ Internal Department,1L Bottle Case (12 Pack),16,1800.0,28800.0,192.0
KQ-424,2026-09-20,Customer 1,KQ Internal Department,500ml Bottle Case (24 Pack),16,1200.0,19200.0,192.0
KQ-424,2026-09-20,Customer 1,KQ Internal Department,5L Jerrycan,14,350.0,4900.0,70.0
KQ-425,2026-09-29,Customer 4,KQ Internal Department,20L Dispenser Bottle,33,1800.0,59400.0,660.0
KQ-425,2026-09-29,Customer 4,KQ Internal Department,20L Dispenser Bottle,435,1800.0,783000.0,8700.0
KQ-425,2026-09-29,Customer 4,KQ Internal Department,5L Jerrycan,4,350.0,1400.0,20.0
KQ-426,2026-02-20,Customer 14,Corporate Client,5L Jerrycan,14,350.0,4900.0,70.0
KQ-426,2026-02-20,Customer 14,Corporate Client,Flavored Water 500ml Case (24 Pack),26,1440.0,37440.0,312.0
KQ-427,2026-01-11,Customer 1,KQ Internal Department,Flavored Water 500ml Case (24 Pack),34,1440.0,48960.0,408.0
KQ-427,2026-01-11,Customer 1,KQ Internal Department,1L Bottle Case (12 Pack),44,1800.0,79200.0,528.0
KQ-427,2026-01-11,Customer 1,KQ Internal Department,250ml Cups Case (48 Pack),285,960.0,273600.0,3420.0
KQ-427,2026-01-11,Customer 1,KQ Internal Department,500ml Bottle Case (24 Pack),6,1200.0,7200.0,72.0
KQ-427,2026-01-11,Customer 1,KQ Internal Department,Premium Glass 500ml (12 Pack),14,3600.0,50400.0,84.0
KQ-428,2026-07-17,Customer 8,Distributor,500ml Bottle Case (24 Pack),40,1200.0,48000.0,480.0
KQ-428,2026-07-17,Customer 8,Distributor,Premium Glass 500ml (12 Pack),18,3600.0,64800.0,108.0
KQ-428,2026-07-17,Customer 8,Distributor,20L Dispenser Bottle,18,1800.0,32400.0,360.0
KQ-429,2026-06-29,Customer 5,Distributor,5L Jerrycan,4,350.0,1400.0,20.0
KQ-429,2026-06-29,Customer 5,Distributor,20L Dispenser Bottle,222,1800.0,399600.0,4440.0
KQ-429,2026-06-29,Customer 5,Distributor,5L Jerrycan,2,350.0,700.0,10.0
KQ-429,2026-06-29,Customer 5,Distributor,5L Jerrycan,47,350.0,16450.0,235.0
KQ-429,2026-06-29,Customer 5,Distributor,250ml Cups Case (48 Pack),26,960.0,24960.0,312.0
KQ-430,2026-08-03,Customer 12,Distributor,1L Bottle Case (12 Pack),12,1800.0,21600.0,144.0
KQ-430,2026-08-03,Customer 12,Distributor,Premium Glass 500ml (12 Pack),26,3600.0,93600.0,156.0
KQ-430,2026-08-03,Customer 12,Distributor,10L Bulk Dispenser Box,29,900.0,26100.0,290.0
KQ-430,2026-08-03,Customer 12,Distributor,20L Dispenser Bottle,292,1800.0,525600.0,5840.0
KQ-430,2026-08-03,Customer 12,Distributor,20L Dispenser Bottle,21,1800.0,37800.0,420.0
KQ-431,2025-12-18,Customer 3,Government Entity,250ml Cups Case (48 Pack),38,960.0,36480.0,456.0
KQ-431,2025-12-18,Customer 3,Government Entity,20L Dispenser Bottle,37,1800.0,66600.0,740.0
KQ-431,2025-12-18,Customer 3,Government Entity,250ml Cups Case (48 Pack),26,960.0,24960.0,312.0
KQ-432,2025-11-12,Customer 10,Corporate Client,Flavored Water 500ml Case (24 Pack),9,1440.0,12960.0,108.0
KQ-432,2025-11-12,Customer 10,Corporate Client,Premium Glass 500ml (12 Pack),23,3600.0,82800.0,138.0
KQ-432,2025-11-12,Customer 10,Corporate Client,Premium Glass 500ml (12 Pack),31,3600.0,111600.0,186.0
KQ-432,2025-11-12,Customer 10,Corporate Client,500ml Bottle Case (24 Pack),38,1200.0,45600.0,456.0
KQ-432,2025-11-12,Customer 10,Corporate Client,Premium Glass 500ml (12 Pack),34,3600.0,122400.0,204.0
KQ-433,2025-10-09,Customer 4,KQ Internal Department,20L Dispenser Bottle,6,1800.0,10800.0,120.0
KQ-433,2025-10-09,Customer 4,KQ Internal Department,Premium Glass 500ml (12 Pack),23,3600.0,82800.0,138.0
KQ-433,2025-10-09,Customer 4,KQ Internal Department,10L Bulk Dispenser Box,48,900.0,43200.0,480.0
KQ-434,2026-03-08,Customer 7,Distributor,Flavored Water 500ml Case (24 Pack),21,1440.0,30240.0,252.0
KQ-434,2026-03-08,Customer 7,Distributor,20L Dispenser Bottle,8,1800.0,14400.0,160.0
KQ-434,2026-03-08,Customer 7,Distributor,500ml Bottle Case (24 Pack),16,1200.0,19200.0,192.0
KQ-434,2026-03-08,Customer 7,Distributor,250ml Cups Case (48 Pack),36,960.0,34560.0,432.0
KQ-435,2026-08-08,Customer 13,Government Entity,250ml Cups Case (48 Pack),43,960.0,41280.0,516.0
KQ-435,2026-08-08,Customer 13,Government Entity,5L Jerrycan,16,350.0,5600.0,80.0
KQ-435,2026-08-08,Customer 13,Government Entity,20L Dispenser Bottle,23,1800.0,41400.0,460.0
KQ-435,2026-08-08,Customer 13,Government Entity,250ml Cups Case (48 Pack),21,960.0,20160.0,252.0
KQ-435,2026-08-08,Customer 13,Government Entity,Premium Glass 500ml (12 Pack),37,3600.0,133200.0,222.0
KQ-436,2025-12-03,Customer 14,Corporate Client,20L Dispenser Bottle,17,1800.0,30600.0,340.0
KQ-436,2025-12-03,Customer 14,Corporate Client,500ml Bottle Case (24 Pack),1,1200.0,1200.0,12.0
KQ-436,2025-12-03,Customer 14,Corporate Client,1L Bottle Case (12 Pack),32,1800.0,57600.0,384.0
KQ-436,2025-12-03,Customer 14,Corporate Client,Premium Glass 500ml (12 Pack),40,3600.0,144000.0,240.0
KQ-437,2026-08-26,Customer 12,Distributor,500ml Bottle Case (24 Pack),39,1200.0,46800.0,468.0
KQ-438,2026-08-03,Customer 3,Government Entity,20L Dispenser Bottle,17,1800.0,30600.0,340.0
KQ-438,2026-08-03,Customer 3,Government Entity,5L Jerrycan,17,350.0,5950.0,85.0
KQ-438,2026-08-03,Customer 3,Government Entity,500ml Bottle Case (24 Pack),47,1200.0,56400.0,564.0
KQ-438,2026-08-03,Customer 3,Government Entity,10L Bulk Dispenser Box,23,900.0,20700.0,230.0
KQ-438,2026-08-03,Customer 3,Government Entity,5L Jerrycan,12,350.0,4200.0,60.0
KQ-439,2025-11-03,Customer 5,Distributor,1L Bottle Case (12 Pack),12,1800.0,21600.0,144.0
KQ-439,2025-11-03,Customer 5,Distributor,500ml Bottle Case (24 Pack),13,1200.0,15600.0,156.0
KQ-439,2025-11-03,Customer 5,Distributor,Flavored Water 500ml Case (24 Pack),17,1440.0,24480.0,204.0
KQ-440,2025-12-22,Customer 14,Corporate Client,Premium Glass 500ml (12 Pack),32,3600.0,115200.0,192.0
KQ-440,2025-12-22,Customer 14,Corporate Client,500ml Bottle Case (24 Pack),23,1200.0,27600.0,276.0
KQ-440,2025-12-22,Customer 14,Corporate Client,20L Dispenser Bottle,32,1800.0,57600.0,640.0
KQ-441,2026-02-07,Customer 1,KQ Internal Department,10L Bulk Dispenser Box,28,900.0,25200.0,280.0
KQ-441,2026-02-07,Customer 1,KQ Internal Department,Premium Glass 500ml (12 Pack),32,3600.0,115200.0,192.0
KQ-441,2026-02-07,Customer 1,KQ Internal Department,20L Dispenser Bottle,22,1800.0,39600.0,440.0
KQ-441,2026-02-07,Customer 1,KQ Internal Department,10L Bulk Dispenser Box,11,900.0,9900.0,110.0
KQ-442,2026-01-23,Customer 1,KQ Internal Department,5L Jerrycan,30,350.0,10500.0,150.0
KQ-442,2026-01-23,Customer 1,KQ Internal Department,500ml Bottle Case (24 Pack),41,1200.0,49200.0,492.0
KQ-443,2026-07-08,Customer 8,Distributor,500ml Bottle Case (24 Pack),6,1200.0,7200.0,72.0
KQ-443,2026-07-08,Customer 8,Distributor,20L Dispenser Bottle,29,1800.0,52200.0,580.0
KQ-444,2025-12-09,Customer 7,Distributor,10L Bulk Dispenser Box,8,900.0,7200.0,80.0
KQ-444,2025-12-09,Customer 7,Distributor,500ml Bottle Case (24 Pack),49,1200.0,58800.0,588.0
KQ-445,2026-04-04,Customer 8,Distributor,Premium Glass 500ml (12 Pack),21,3600.0,75600.0,126.0
KQ-445,2026-04-04,Customer 8,Distributor,10L Bulk Dispenser Box,46,900.0,41400.0,460.0
KQ-445,2026-04-04,Customer 8,Distributor,Flavored Water 500ml Case (24 Pack),36,1440.0,51840.0,432.0
KQ-446,2025-10-14,Customer 3,Government Entity,20L Dispenser Bottle,21,1800.0,37800.0,420.0
KQ-446,2025-10-14,Customer 3,Government Entity,Premium Glass 500ml (12 Pack),46,3600.0,165600.0,276.0
KQ-446,2025-10-14,Customer 3,Government Entity,10L Bulk Dispenser Box,29,900.0,26100.0,290.0
KQ-446,2025-10-14,Customer 3,Government Entity,20L Dispenser Bottle,274,1800.0,493200.0,5480.0
KQ-447,2026-03-17,Customer 11,Government Entity,Premium Glass 500ml (12 Pack),43,3600.0,154800.0,258.0
KQ-447,2026-03-17,Customer 11,Government Entity,5L Jerrycan,2,350.0,700.0,10.0
KQ-447,2026-03-17,Customer 11,Government Entity,Flavored Water 500ml Case (24 Pack),20,1440.0,28800.0,240.0
KQ-447,2026-03-17,Customer 11,Government Entity,20L Dispenser Bottle,4,1800.0,7200.0,80.0
KQ-448,2025-11-17,Customer 15,Distributor,Flavored Water 500ml Case (24 Pack),30,1440.0,43200.0,360.0
KQ-448,2025-11-17,Customer 15,Distributor,Premium Glass 500ml (12 Pack),27,3600.0,97200.0,162.0
KQ-449,2025-11-07,Customer 13,Government Entity,Premium Glass 500ml (12 Pack),11,3600.0,39600.0,66.0
KQ-449,2025-11-07,Customer 13,Government Entity,1L Bottle Case (12 Pack),20,1800.0,36000.0,240.0
KQ-449,2025-11-07,Customer 13,Government Entity,10L Bulk Dispenser Box,9,900.0,8100.0,90.0
KQ-449,2025-11-07,Customer 13,Government Entity,1L Bottle Case (12 Pack),13,1800.0,23400.0,156.0
KQ-450,2026-04-16,Customer 13,Government Entity,20L Dispenser Bottle,21,1800.0,37800.0,420.0
KQ-450,2026-04-16,Customer 13,Government Entity,1L Bottle Case (12 Pack),7,1800.0,12600.0,84.0
KQ-450,2026-04-16,Customer 13,Government Entity,Premium Glass 500ml (12 Pack),14,3600.0,50400.0,84.0
KQ-451,2026-09-24,Customer 15,Distributor,5L Jerrycan,3,350.0,1050.0,15.0
KQ-451,2026-09-24,Customer 15,Distributor,10L Bulk Dispenser Box,9,900.0,8100.0,90.0
KQ-451,2026-09-24,Customer 15,Distributor,500ml Bottle Case (24 Pack),38,1200.0,45600.0,456.0
KQ-451,2026-09-24,Customer 15,Distributor,250ml Cups Case (48 Pack),50,960.0,48000.0,600.0
KQ-452,2026-07-16,Customer 15,Distributor,250ml Cups Case (48 Pack),44,960.0,42240.0,528.0
KQ-452,2026-07-16,Customer 15,Distributor,1L Bottle Case (12 Pack),23,1800.0,41400.0,276.0
KQ-453,2026-02-09,Customer 7,Distributor,Premium Glass 500ml (12 Pack),6,3600.0,21600.0,36.0
KQ-453,2026-02-09,Customer 7,Distributor,20L Dispenser Bottle,37,1800.0,66600.0,740.0
KQ-454,2025-10-01,Customer 3,Government Entity,20L Dispenser Bottle,17,1800.0,30600.0,340.0
KQ-454,2025-10-01,Customer 3,Government Entity,1L Bottle Case (12 Pack),29,1800.0,52200.0,348.0
KQ-454,2025-10-01,Customer 3,Government Entity,250ml Cups Case (48 Pack),35,960.0,33600.0,420.0
KQ-454,2025-10-01,Customer 3,Government Entity,Premium Glass 500ml (12 Pack),268,3600.0,964800.0,1608.0
KQ-454,2025-10-01,Customer 3,Government Entity,Flavored Water 500ml Case (24 Pack),20,1440.0,28800.0,240.0
KQ-455,2026-06-23,Customer 13,Government Entity,Flavored Water 500ml Case (24 Pack),3,1440.0,4320.0,36.0
KQ-455,2026-06-23,Customer 13,Government Entity,500ml Bottle Case (24 Pack),34,1200.0,40800.0,408.0
KQ-455,2026-06-23,Customer 13,Government Entity,1L Bottle Case (12 Pack),42,1800.0,75600.0,504.0
KQ-456,2026-07-15,Customer 10,Corporate Client,Flavored Water 500ml Case (24 Pack),17,1440.0,24480.0,204.0
KQ-456,2026-07-15,Customer 10,Corporate Client,10L Bulk Dispenser Box,3,900.0,2700.0,30.0
KQ-456,2026-07-15,Customer 10,Corporate Client,Premium Glass 500ml (12 Pack),14,3600.0,50400.0,84.0
KQ-457,2025-10-29,Customer 1,KQ Internal Department,500ml Bottle Case (24 Pack),8,1200.0,9600.0,96.0
KQ-457,2025-10-29,Customer 1,KQ Internal Department,1L Bottle Case (12 Pack),41,1800.0,73800.0,492.0
KQ-457,2025-10-29,Customer 1,KQ Internal Department,Premium Glass 500ml (12 Pack),45,3600.0,162000.0,270.0
KQ-457,2025-10-29,Customer 1,KQ Internal Department,5L Jerrycan,44,350.0,15400.0,220.0
KQ-458,2026-09-24,Customer 2,Corporate Client,Flavored Water 500ml Case (24 Pack),24,1440.0,34560.0,288.0
KQ-458,2026-09-24,Customer 2,Corporate Client,Premium Glass 500ml (12 Pack),25,3600.0,90000.0,150.0
KQ-458,2026-09-24,Customer 2,Corporate Client,500ml Bottle Case (24 Pack),45,1200.0,54000.0,540.0
KQ-458,2026-09-24,Customer 2,Corporate Client,10L Bulk Dispenser Box,9,900.0,8100.0,90.0
KQ-458,2026-09-24,Customer 2,Corporate Client,Premium Glass 500ml (12 Pack),9,3600.0,32400.0,54.0
KQ-459,2026-08-04,Customer 5,Distributor,1L Bottle Case (12 Pack),48,1800.0,86400.0,576.0
KQ-459,2026-08-04,Customer 5,Distributor,500ml Bottle Case (24 Pack),41,1200.0,49200.0,492.0
KQ-459,2026-08-04,Customer 5,Distributor,250ml Cups Case (48 Pack),38,960.0,36480.0,456.0
KQ-459,2026-08-04,Customer 5,Distributor,5L Jerrycan,26,350.0,9100.0,130.0
KQ-460,2026-06-20,Customer 2,Corporate Client,5L Jerrycan,24,350.0,8400.0,120.0
KQ-461,2025-10-05,Customer 4,KQ Internal Department,Flavored Water 500ml Case (24 Pack),26,1440.0,37440.0,312.0
KQ-462,2026-06-02,Customer 6,Distributor,500ml Bottle Case (24 Pack),3,1200.0,3600.0,36.0
KQ-462,2026-06-02,Customer 6,Distributor,250ml Cups Case (48 Pack),47,960.0,45120.0,564.0
KQ-462,2026-06-02,Customer 6,Distributor,5L Jerrycan,5,350.0,1750.0,25.0
KQ-462,2026-06-02,Customer 6,Distributor,1L Bottle Case (12 Pack),13,1800.0,23400.0,156.0
KQ-462,2026-06-02,Customer 6,Distributor,500ml Bottle Case (24 Pack),1,1200.0,1200.0,12.0
KQ-463,2025-12-09,Customer 15,Distributor,10L Bulk Dispenser Box,49,900.0,44100.0,490.0
KQ-464,2026-08-10,Customer 12,Distributor,20L Dispenser Bottle,18,1800.0,32400.0,360.0
KQ-464,2026-08-10,Customer 12,Distributor,10L Bulk Dispenser Box,2,900.0,1800.0,20.0
KQ-465,2026-07-12,Customer 14,Corporate Client,10L Bulk Dispenser Box,42,900.0,37800.0,420.0
KQ-465,2026-07-12,Customer 14,Corporate Client,250ml Cups Case (48 Pack),36,960.0,34560.0,432.0
KQ-466,2026-08-30,Customer 1,KQ Internal Department,250ml Cups Case (48 Pack),33,960.0,31680.0,396.0
KQ-466,2026-08-30,Customer 1,KQ Internal Department,10L Bulk Dispenser Box,20,900.0,18000.0,200.0
KQ-467,2026-04-12,Customer 3,Government Entity,10L Bulk Dispenser Box,18,900.0,16200.0,180.0
KQ-467,2026-04-12,Customer 3,Government Entity,5L Jerrycan,24,350.0,8400.0,120.0
KQ-467,2026-04-12,Customer 3,Government Entity,5L Jerrycan,50,350.0,17500.0,250.0
KQ-468,2026-05-15,Customer 11,Government Entity,10L Bulk Dispenser Box,41,900.0,36900.0,410.0
KQ-469,2026-06-08,Customer 12,Distributor,250ml Cups Case (48 Pack),5,960.0,4800.0,60.0
KQ-470,2026-05-25,Customer 12,Distributor,250ml Cups Case (48 Pack),50,960.0,48000.0,600.0
KQ-470,2026-05-25,Customer 12,Distributor,Premium Glass 500ml (12 Pack),30,3600.0,108000.0,180.0
KQ-470,2026-05-25,Customer 12,Distributor,Flavored Water 500ml Case (24 Pack),26,1440.0,37440.0,312.0
KQ-470,2026-05-25,Customer 12,Distributor,5L Jerrycan,37,350.0,12950.0,185.0
KQ-471,2026-06-11,Customer 12,Distributor,1L Bottle Case (12 Pack),17,1800.0,30600.0,204.0
KQ-471,2026-06-11,Customer 12,Distributor,10L Bulk Dispenser Box,35,900.0,31500.0,350.0
KQ-471,2026-06-11,Customer 12,Distributor,Premium Glass 500ml (12 Pack),17,3600.0,61200.0,102.0
KQ-472,2026-05-27,Customer 3,Government Entity,500ml Bottle Case (24 Pack),50,1200.0,60000.0,600.0
KQ-472,2026-05-27,Customer 3,Government Entity,500ml Bottle Case (24 Pack),43,1200.0,51600.0,516.0
KQ-472,2026-05-27,Customer 3,Government Entity,250ml Cups Case (48 Pack),22,960.0,21120.0,264.0
KQ-472,2026-05-27,Customer 3,Government Entity,250ml Cups Case (48 Pack),12,960.0,11520.0,144.0
KQ-472,2026-05-27,Customer 3,Government Entity,20L Dispenser Bottle,4,1800.0,7200.0,80.0
KQ-473,2025-10-19,Customer 4,KQ Internal Department,20L Dispenser Bottle,44,1800.0,79200.0,880.0
KQ-473,2025-10-19,Customer 4,KQ Internal Department,Flavored Water 500ml Case (24 Pack),6,1440.0,8640.0,72.0
KQ-473,2025-10-19,Customer 4,KQ Internal Department,20L Dispenser Bottle,42,1800.0,75600.0,840.0
KQ-473,2025-10-19,Customer 4,KQ Internal Department,1L Bottle Case (12 Pack),32,1800.0,57600.0,384.0
KQ-474,2025-10-11,Customer 11,Government Entity,500ml Bottle Case (24 Pack),31,1200.0,37200.0,372.0
KQ-474,2025-10-11,Customer 11,Government Entity,5L Jerrycan,39,350.0,13650.0,195.0
KQ-474,2025-10-11,Customer 11,Government Entity,10L Bulk Dispenser Box,27,900.0,24300.0,270.0
KQ-475,2026-07-16,Customer 1,KQ Internal Department,500ml Bottle Case (24 Pack),34,1200.0,40800.0,408.0
KQ-475,2026-07-16,Customer 1,KQ Internal Department,500ml Bottle Case (24 Pack),5,1200.0,6000.0,60.0
KQ-476,2026-08-09,Customer 3,Government Entity,Flavored Water 500ml Case (24 Pack),9,1440.0,12960.0,108.0
KQ-476,2026-08-09,Customer 3,Government Entity,5L Jerrycan,29,350.0,10150.0,145.0
KQ-477,2025-10-31,Customer 12,Distributor,10L Bulk Dispenser Box,5,900.0,4500.0,50.0
KQ-477,2025-10-31,Customer 12,Distributor,5L Jerrycan,24,350.0,8400.0,120.0
KQ-477,2025-10-31,Customer 12,Distributor,250ml Cups Case (48 Pack),21,960.0,20160.0,252.0
KQ-478,2025-11-27,Customer 3,Government Entity,5L Jerrycan,44,350.0,15400.0,220.0
KQ-478,2025-11-27,Customer 3,Government Entity,500ml Bottle Case (24 Pack),13,1200.0,15600.0,156.0
KQ-478,2025-11-27,Customer 3,Government Entity,5L Jerrycan,28,350.0,9800.0,140.0
KQ-478,2025-11-27,Customer 3,Government Entity,Premium Glass 500ml (12 Pack),40,3600.0,144000.0,240.0
KQ-478,2025-11-27,Customer 3,Government Entity,20L Dispenser Bottle,424,1800.0,763200.0,8480.0
KQ-479,2025-11-01,Customer 1,KQ Internal Department,5L Jerrycan,389,350.0,136150.0,1945.0
KQ-479,2025-11-01,Customer 1,KQ Internal Department,Premium Glass 500ml (12 Pack),2,3600.0,7200.0,12.0
KQ-479,2025-11-01,Customer 1,KQ Internal Department,20L Dispenser Bottle,16,1800.0,28800.0,320.0
KQ-479,2025-11-01,Customer 1,KQ Internal Department,5L Jerrycan,31,350.0,10850.0,155.0
KQ-479,2025-11-01,Customer 1,KQ Internal Department,Premium Glass 500ml (12 Pack),22,3600.0,79200.0,132.0
KQ-480,2026-03-27,Customer 3,Government Entity,250ml Cups Case (48 Pack),25,960.0,24000.0,300.0
KQ-480,2026-03-27,Customer 3,Government Entity,500ml Bottle Case (24 Pack),3,1200.0,3600.0,36.0
KQ-480,2026-03-27,Customer 3,Government Entity,Premium Glass 500ml (12 Pack),19,3600.0,68400.0,114.0
KQ-481,2026-09-24,Customer 3,Government Entity,500ml Bottle Case (24 Pack),31,1200.0,37200.0,372.0
KQ-481,2026-09-24,Customer 3,Government Entity,5L Jerrycan,20,350.0,7000.0,100.0
KQ-481,2026-09-24,Customer 3,Government Entity,20L Dispenser Bottle,21,1800.0,37800.0,420.0
KQ-481,2026-09-24,Customer 3,Government Entity,500ml Bottle Case (24 Pack),6,1200.0,7200.0,72.0
KQ-482,2026-05-08,Customer 14,Corporate Client,1L Bottle Case (12 Pack),29,1800.0,52200.0,348.0
KQ-482,2026-05-08,Customer 14,Corporate Client,5L Jerrycan,41,350.0,14350.0,205.0
KQ-482,2026-05-08,Customer 14,Corporate Client,Premium Glass 500ml (12 Pack),15,3600.0,54000.0,90.0
KQ-482,2026-05-08,Customer 14,Corporate Client,20L Dispenser Bottle,16,1800.0,28800.0,320.0
KQ-483,2026-06-15,Customer 8,Distributor,20L Dispenser Bottle,42,1800.0,75600.0,840.0
KQ-483,2026-06-15,Customer 8,Distributor,250ml Cups Case (48 Pack),16,960.0,15360.0,192.0
KQ-483,2026-06-15,Customer 8,Distributor,20L Dispenser Bottle,2,1800.0,3600.0,40.0
KQ-483,2026-06-15,Customer 8,Distributor,10L Bulk Dispenser Box,3,900.0,2700.0,30.0
KQ-483,2026-06-15,Customer 8,Distributor,20L Dispenser Bottle,7,1800.0,12600.0,140.0
KQ-484,2026-03-22,Customer 6,Distributor,250ml Cups Case (48 Pack),30,960.0,28800.0,360.0
KQ-484,2026-03-22,Customer 6,Distributor,1L Bottle Case (12 Pack),18,1800.0,32400.0,216.0
KQ-484,2026-03-22,Customer 6,Distributor,20L Dispenser Bottle,50,1800.0,90000.0,1000.0
KQ-484,2026-03-22,Customer 6,Distributor,250ml Cups Case (48 Pack),32,960.0,30720.0,384.0
KQ-484,2026-03-22,Customer 6,Distributor,500ml Bottle Case (24 Pack),48,1200.0,57600.0,576.0
KQ-485,2026-03-07,Customer 15,Distributor,20L Dispenser Bottle,23,1800.0,41400.0,460.0
KQ-485,2026-03-07,Customer 15,Distributor,1L Bottle Case (12 Pack),5,1800.0,9000.0,60.0
KQ-485,2026-03-07,Customer 15,Distributor,Premium Glass 500ml (12 Pack),43,3600.0,154800.0,258.0
KQ-485,2026-03-07,Customer 15,Distributor,250ml Cups Case (48 Pack),10,960.0,9600.0,120.0
KQ-485,2026-03-07,Customer 15,Distributor,Flavored Water 500ml Case (24 Pack),2,1440.0,2880.0,24.0
KQ-486,2026-01-23,Customer 1,KQ Internal Department,5L Jerrycan,34,350.0,11900.0,170.0
KQ-486,2026-01-23,Customer 1,KQ Internal Department,500ml Bottle Case (24 Pack),35,1200.0,42000.0,420.0
KQ-486,2026-01-23,Customer 1,KQ Internal Department,250ml Cups Case (48 Pack),24,960.0,23040.0,288.0
KQ-487,2025-11-23,Customer 6,Distributor,20L Dispenser Bottle,33,1800.0,59400.0,660.0
KQ-487,2025-11-23,Customer 6,Distributor,10L Bulk Dispenser Box,9,900.0,8100.0,90.0
KQ-487,2025-11-23,Customer 6,Distributor,5L Jerrycan,21,350.0,7350.0,105.0
KQ-487,2025-11-23,Customer 6,Distributor,20L Dispenser Bottle,9,1800.0,16200.0,180.0
KQ-487,2025-11-23,Customer 6,Distributor,250ml Cups Case (48 Pack),7,960.0,6720.0,84.0
KQ-488,2026-01-20,Customer 13,Government Entity,20L Dispenser Bottle,37,1800.0,66600.0,740.0
KQ-489,2026-04-25,Customer 3,Government Entity,500ml Bottle Case (24 Pack),50,1200.0,60000.0,600.0
KQ-489,2026-04-25,Customer 3,Government Entity,Premium Glass 500ml (12 Pack),29,3600.0,104400.0,174.0
KQ-489,2026-04-25,Customer 3,Government Entity,250ml Cups Case (48 Pack),40,960.0,38400.0,480.0
KQ-490,2026-03-07,Customer 13,Government Entity,500ml Bottle Case (24 Pack),23,1200.0,27600.0,276.0
KQ-490,2026-03-07,Customer 13,Government Entity,500ml Bottle Case (24 Pack),26,1200.0,31200.0,312.0
KQ-490,2026-03-07,Customer 13,Government Entity,Flavored Water 500ml Case (24 Pack),15,1440.0,21600.0,180.0
KQ-490,2026-03-07,Customer 13,Government Entity,Premium Glass 500ml (12 Pack),33,3600.0,118800.0,198.0
KQ-490,2026-03-07,Customer 13,Government Entity,500ml Bottle Case (24 Pack),46,1200.0,55200.0,552.0
KQ-491,2026-03-12,Customer 2,Corporate Client,5L Jerrycan,29,350.0,10150.0,145.0
KQ-491,2026-03-12,Customer 2,Corporate Client,Flavored Water 500ml Case (24 Pack),12,1440.0,17280.0,144.0
KQ-491,2026-03-12,Customer 2,Corporate Client,Premium Glass 500ml (12 Pack),5,3600.0,18000.0,30.0
KQ-491,2026-03-12,Customer 2,Corporate Client,20L Dispenser Bottle,1,1800.0,1800.0,20.0
KQ-491,2026-03-12,Customer 2,Corporate Client,Premium Glass 500ml (12 Pack),18,3600.0,64800.0,108.0
KQ-492,2026-04-02,Customer 12,Distributor,250ml Cups Case (48 Pack),30,960.0,28800.0,360.0
KQ-492,2026-04-02,Customer 12,Distributor,20L Dispenser Bottle,46,1800.0,82800.0,920.0
KQ-492,2026-04-02,Customer 12,Distributor,250ml Cups Case (48 Pack),36,960.0,34560.0,432.0
KQ-492,2026-04-02,Customer 12,Distributor,250ml Cups Case (48 Pack),25,960.0,24000.0,300.0
KQ-493,2026-03-20,Customer 15,Distributor,500ml Bottle Case (24 Pack),16,1200.0,19200.0,192.0
KQ-494,2026-01-11,Customer 12,Distributor,20L Dispenser Bottle,295,1800.0,531000.0,5900.0
KQ-494,2026-01-11,Customer 12,Distributor,500ml Bottle Case (24 Pack),34,1200.0,40800.0,408.0
KQ-494,2026-01-11,Customer 12,Distributor,1L Bottle Case (12 Pack),31,1800.0,55800.0,372.0
KQ-495,2025-12-27,Customer 1,KQ Internal Department,1L Bottle Case (12 Pack),34,1800.0,61200.0,408.0
KQ-495,2025-12-27,Customer 1,KQ Internal Department,250ml Cups Case (48 Pack),29,960.0,27840.0,348.0
KQ-496,2026-03-13,Customer 2,Corporate Client,500ml Bottle Case (24 Pack),7,1200.0,8400.0,84.0
KQ-496,2026-03-13,Customer 2,Corporate Client,Premium Glass 500ml (12 Pack),291,3600.0,1047600.0,1746.0
KQ-497,2026-02-08,Customer 15,Distributor,1L Bottle Case (12 Pack),35,1800.0,63000.0,420.0
KQ-497,2026-02-08,Customer 15,Distributor,Premium Glass 500ml (12 Pack),1,3600.0,3600.0,6.0
KQ-497,2026-02-08,Customer 15,Distributor,10L Bulk Dispenser Box,19,900.0,17100.0,190.0
KQ-497,2026-02-08,Customer 15,Distributor,Premium Glass 500ml (12 Pack),32,3600.0,115200.0,192.0
KQ-497,2026-02-08,Customer 15,Distributor,500ml Bottle Case (24 Pack),5,1200.0,6000.0,60.0
KQ-498,2025-10-01,Customer 1,KQ Internal Department,5L Jerrycan,29,350.0,10150.0,145.0
KQ-498,2025-10-01,Customer 1,KQ Internal Department,5L Jerrycan,24,350.0,8400.0,120.0
KQ-498,2025-10-01,Customer 1,KQ Internal Department,500ml Bottle Case (24 Pack),20,1200.0,24000.0,240.0
KQ-499,2026-08-04,Customer 3,Government Entity,250ml Cups Case (48 Pack),32,960.0,30720.0,384.0
KQ-499,2026-08-04,Customer 3,Government Entity,10L Bulk Dispenser Box,29,900.0,26100.0,290.0
KQ-499,2026-08-04,Customer 3,Government Entity,Premium Glass 500ml (12 Pack),11,3600.0,39600.0,66.0
KQ-499,2026-08-04,Customer 3,Government Entity,Premium Glass 500ml (12 Pack),40,3600.0,144000.0,240.0
KQ-500,2026-01-05,Customer 6,Distributor,500ml Bottle Case (24 Pack),7,1200.0,8400.0,84.0
KQ-500,2026-01-05,Customer 6,Distributor,1L Bottle Case (12 Pack),28,1800.0,50400.0,336.0
KQ-500,2026-01-05,Customer 6,Distributor,20L Dispenser Bottle,50,1800.0,90000.0,1000.0
